﻿<?xml version="1.0" encoding="utf-8"?>
<resources>
	<string name="traffic_accident">Anomalia traffico</string>
	<string name="traffic_congestion">Congestione</string>
	<string name="traffic_disabled_vehicle">Veicolo disabilitato</string>
	<string name="traffic_road_hazard">Pericolo stradale</string>
	<string name="traffic_unscheduled_construction">Struttura non prevista</string>
	<string name="traffic_scheduled_construction">Struttura</string>
	<string name="traffic_planned_event">Evento pianificato</string>
	<string name="traffic_mass_transit">Trasporti pubblici</string>
	<string name="traffic_other_news">Altre notizie</string>
	<string name="traffic_miscellaneous_event">Eventi vari</string>
	<string name="pin_info_not_available">Info non disp.</string>
	<string name="pin_getting_address">Acquisizione indirizzo...</string>
	<string name="pin_drag_to_move">Trascina per muovere il pin</string>
	<string name="pin_dropped">Pin posizionato</string>
	<string name="current_location">Posizione attuale</string>
</resources>