﻿<?xml version="1.0" encoding="utf-8"?>
<resources>
	<string name="traffic_accident">Vorfall</string>
	<string name="traffic_congestion">Stau</string>
	<string name="traffic_disabled_vehicle">Beschädigtes Fahrzeug</string>
	<string name="traffic_road_hazard">Verkehrshindernis</string>
	<string name="traffic_unscheduled_construction">Außerplanmäßige Bauarbeiten</string>
	<string name="traffic_scheduled_construction">Bauarbeiten</string>
	<string name="traffic_planned_event">Geplante Veranstaltung</string>
	<string name="traffic_mass_transit">Nahverkehr</string>
	<string name="traffic_other_news">Andere Neuigkeiten</string>
	<string name="traffic_miscellaneous_event">Andere Veranstaltung</string>
	<string name="pin_info_not_available">Informationen nicht verfügbar</string>
	<string name="pin_getting_address">Adresse wird abgerufen...</string>
	<string name="pin_drag_to_move">Ziehen, um Pin zu verschieben</string>
	<string name="pin_dropped">Pin gesetzt</string>
	<string name="current_location">Aktueller Standort</string>
</resources>